height,time,n_tx,total_out_btc,whale_tx_count
966969,1789392004,4707,6330.5591,17
966970,1789392254,5159,4008.2662,12
966971,1789392435,5603,4753.1932,7
966972,1789392780,5656,5914.06,12
966973,1789392943,6510,2516.3215,6
966974,1789393205,6116,5307.7445,12
966975,1789394566,4497,6400.2334,34
966976,1789395475,3876,7336.3383,24
966977,1789397561,4292,12675.2952,45
966978,1789398145,2912,8880.8266,28
966979,1789398627,3961,4847.0546,20
966980,1789399517,3332,7243.8842,27
966981,1789399822,4038,7506.6103,20
966982,1789400843,4009,3987.4811,22
966983,1789401308,4057,9090.8857,21
966984,1789401479,3120,3375.3388,5
966985,1789401764,4187,3954.3421,13
966986,1789402028,5342,5304.1276,10
966987,1789402149,6059,678.1687,4
966988,1789402365,5988,26945.3526,10
966989,1789402552,6889,1966.3246,3
966990,1789402767,5526,6267.8958,13
966991,1789403420,4384,5505.5844,14
966992,1789403956,4621,5920.0629,19
966993,1789404424,5262,4917.6458,20
966994,1789404624,6084,11382.9013,16
966995,1789404693,6886,666.2168,1
966996,1789404811,6334,3359.649,7
966997,1789406007,3384,9479.3227,21
966998,1789406026,5591,6673.3241,15
966999,1789407244,3952,4546.3302,31
967000,1789408030,3792,4873.4945,14
967001,1789407650,6312,410.0385,1
967002,1789408037,5526,3766.1735,9
967003,1789408289,4818,1338.5759,9
967004,1789408777,4559,6853.8925,18
967005,1789409353,970,1863.0597,12
967006,1789409938,4210,8355.8621,27
967007,1789410052,5951,172.3267,1
967008,1789410079,6645,2800.3222,3
967009,1789410109,7087,117.594,1
967010,1789410177,5744,36.615,0
967011,1789410336,5708,4447.7004,10
967012,1789410675,5096,3494.3432,7
967013,1789410869,6460,3490.7758,7
967014,1789410842,7116,46.0707,0
967015,1789412735,4370,5432.1405,32
967016,1789412935,4077,13085.1507,25
967017,1789415635,4465,6324.5869,37
967018,1789416461,4467,6676.0691,30
967019,1789416648,3745,5885.0726,19
967020,1789418031,4280,11296.0207,29
967021,1789418583,3792,9006.5558,27
967022,1789418882,3459,4599.9264,12
967023,1789420737,4118,5419.3844,28
967024,1789422290,4369,10124.1447,46
967025,1789422365,2853,3868.1574,10
967026,1789422886,4064,7670.7293,19
967027,1789423251,2975,2686.3126,10
967028,1789423672,3993,5058.2765,14
967029,1789423893,2689,1758.1404,8
967030,1789424320,5920,2638.8319,2
967031,1789424491,5367,5461.6877,16
967032,1789424941,5386,3684.491,13
967033,1789425384,4960,4698.4934,11
967034,1789426843,3408,9338.1458,29
967035,1789427962,3220,3485.2578,24
967036,1789428149,4739,4968.526,12
967037,1789428204,6366,133.8777,1
967038,1789428753,5006,6053.7453,19
967039,1789430837,3843,7038.3655,34
967040,1789430976,5550,5104.1345,13
967041,1789431659,4874,24750.8553,20
967042,1789432047,5670,4335.7891,9
967043,1789432654,5703,3771.5106,5
967044,1789432997,4354,3011.0537,16
967045,1789433796,3572,6398.0661,16
967046,1789434015,5897,3435.0691,7
967047,1789434156,5324,549.8313,5
967048,1789434166,7107,10.7506,0
967049,1789434696,5775,4338.9767,15
967050,1789435703,5512,4310.1131,20
967051,1789435816,6721,2895.2612,4
967052,1789436628,1765,3054.7594,19
967053,1789436893,6789,3583.186,6
967054,1789437357,5863,3913.0321,10
967055,1789438590,3941,5938.3636,28
967056,1789439884,2980,4814.5857,20
967057,1789439590,5912,2738.1166,3
967058,1789440521,6243,6577.5091,19
967059,1789440644,6482,1160.2047,9
967060,1789440900,6310,1504.0901,10
967061,1789440975,6778,145.5207,0
967062,1789441115,6628,3247.8109,4
967063,1789441991,4545,7818.9046,21
967064,1789442341,6062,4934.434,13
967065,1789442709,5971,5066.3148,13
967066,1789442820,6095,316.9213,4
967067,1789442876,6823,71.9603,0
967068,1789443105,6542,826.0775,7
967069,1789443469,6432,2591.6264,1
967070,1789443708,5875,3934.1554,11
967071,1789443824,7115,951.8049,4
967072,1789443994,6828,874.3424,3
967073,1789444706,5027,5930.8353,19
967074,1789444930,6346,3723.1287,14
967075,1789445380,6657,5119.2047,5
967076,1789446523,3679,27623.9578,30
967077,1789446686,5722,415.5437,3
967078,1789446723,7170,44.6574,0
967079,1789447080,5764,4643.716,15
967080,1789450457,4363,9296.3058,45
967081,1789451210,3476,17357.5811,32
967082,1789450948,4972,4558.6538,4
967083,1789452296,3778,5278.9411,28
967084,1789454388,3886,26236.1181,34
967085,1789454847,2423,4620.9672,14
967086,1789454500,6306,190.3645,0
967087,1789454713,5318,4295.5933,10
967088,1789454725,7009,126.5883,1
967089,1789455381,4676,5430.0462,19
967090,1789455819,5216,1728.7498,9
967091,1789457370,4142,6534.5722,31
967092,1789457808,2513,3706.4959,6
967093,1789457932,5770,7501.0332,20
967094,1789457969,7153,35.4781,0
967095,1789459270,3632,17355.8894,37
967096,1789459719,3080,7330.6531,21
967097,1789460770,3871,28354.0351,36
967098,1789460871,4577,3978.0204,5
967099,1789461244,4810,6584.264,13
967100,1789461461,5813,8927.6281,20
967101,1789461768,5528,4008.2274,9
967102,1789462331,4498,4333.3157,16
967103,1789462811,5066,2027.2233,11
967104,1789464051,4270,11691.6617,30
967105,1789464671,3638,7265.4398,20
967106,1789464853,4445,709.2673,3
967107,1789465351,6688,209.4948,1
967108,1789465584,5612,6541.2114,20
967109,1789466693,3733,5995.5371,25
967110,1789466970,5792,3653.9,6
967111,1789467429,5958,5012.787,12
967112,1789468456,4228,6515.7288,23
967113,1789469673,4192,5216.4047,26
967114,1789470062,4259,2726.2203,1
967115,1789470414,2613,5897.882,20
967116,1789470804,5693,4180.5237,9
967117,1789470955,6672,370.5142,2
967118,1789470954,7072,2684.4117,2
