date,price_usd,market_cap_usd,volume_usd,n_transactions,n_active_addresses,hash_rate_ths,miners_revenue_usd,mempool_bytes,onchain_volume_usd
2025-09-16,115356.68489564986,2298376374765.022,46807932859.599625,536633.0,546260.0,1082012601.5468137,59237319.60654769,220566.5,11014563418.224216
2025-09-17,116797.00205991932,2326252111015.0996,40115655622.62766,362913.0,517428.0,865610081.2374508,58799712.10291436,3257175.5,12962249455.147718
2025-09-18,116430.93170207892,2319862263301.09,55078099557.69372,448521.0,536964.0,1087599379.1411881,60565164.56275341,1374775.0,13510976822.137205
2025-09-19,117169.11793707692,2334155270381.6797,43746882355.192566,478312.0,553195.0,1188749380.7897809,65203654.13159877,204069.0,11918810025.118149
2025-09-20,115656.94582205842,2304334969247.6016,34101993633.45404,498549.0,535837.0,1082611043.2192645,56549857.186625816,10743006.0,6506869820.089035
2025-09-21,115722.89635080755,2305458544032.0454,18387970280.886112,513490.0,467555.0,1146294045.7615743,59677110.55222099,685321.5,3521336291.7833223
2025-09-22,115255.84820116172,2296544311374.14,18831181465.700207,456797.0,515742.0,1061383375.7051616,54197851.96025491,366936.0,15430507426.449467
2025-09-23,112692.49699542264,2245276233641.6846,69429706182.08765,495947.0,506650.0,1018928040.676955,51049596.047497146,979863.5,13380103763.332317
2025-09-24,112002.46136592983,2232047791436.3643,46102035931.6177,522936.0,502339.0,1082611043.2192645,55101523.83746149,474211.0,11030120453.67821
2025-09-25,113317.1626894919,2257709115962.068,46524713093.00272,431725.0,542099.0,997700373.1628518,50173577.36223641,2459285.0,14251956295.883837
2025-09-26,109233.05041611978,2174880943300.0088,74632502319.236,419078.0,553168.0,934017370.6205422,49131500.76535409,1232742.5,16962966523.57071
2025-09-27,109660.37389675,2186075315820.048,55614979705.47469,526116.0,484214.0,1096762821.5620003,57571424.46552212,1223424.0,5814233429.462753
2025-09-28,109675.14319507511,2185277342378.6892,23211636962.190052,635424.0,458537.0,1167521713.2756777,57694137.5158762,142926.0,4533682940.126207
2025-09-29,112179.39882976888,2235609066822.1436,31224411359.38822,444460.0,521335.0,990624483.9914839,52005476.55065172,1430121.5,12421806232.98834
2025-09-30,114327.17133804818,2277867378927.1157,58127995123.524475,555361.0,561370.0,1139218156.5902066,59806339.233965605,515303.5,18752461459.12848
2025-10-01,114087.51383151024,2273504154331.4,57502030257.13929,473880.0,577245.0,1076906913.283782,58814143.62506912,2187361.0,17914942537.91964
2025-10-02,118930.95511416093,2362725829233.926,71115681447.90572,381586.0,595776.0,1019764936.475331,52703238.64085598,3052099.5,18501831007.64977
2025-10-03,120514.57785586917,2404248760305.848,70708858533.94963,387726.0,595427.0,884796047.8241848,45203497.90500219,9081639.5,23124603287.085655
2025-10-04,122294.92441742844,2437130562668.8506,82671538752.18507,422031.0,544104.0,1004768393.2918702,54672826.381599,1192110.0,8476077417.44032
2025-10-05,122428.89063350527,2438832157552.7866,34849439420.54489,525372.0,497949.0,1117242467.1678262,61639031.92476243,681068.5,7752284226.2383795
2025-10-06,123488.7305970136,2461262484402.037,72019647929.19965,431274.0,550307.0,922287405.7828363,48326772.4491213,3419345.0,16874408670.71981
2025-10-07,124739.81088811433,2486786743153.339,69590622748.93546,430492.0,561921.0,1034761479.6587919,54530174.102237426,1186902.0,19430972127.380543
2025-10-08,121463.11808164183,2419756015403.5737,76267785779.67648,427474.0,546778.0,1109744195.5760958,58604481.531066805,2603730.0,19009027532.640343
2025-10-09,123342.98469750278,2458603013498.3677,62477310406.27758,367782.0,543331.0,899792591.007645,46140046.75896492,5553520.5,15183418026.848045
2025-10-10,121718.66757741552,2425643508379.291,70251676816.29187,418155.0,584389.0,989771850.1084098,50087834.21199739,1915790.0,15376547532.03535
2025-10-11,113043.67586321976,2255299161767.251,144943015938.3649,444087.0,546781.0,1102245923.9843652,53304513.956858695,835503.5,13979800173.011082
2025-10-12,110655.26975977032,2208268263699.5435,107157298680.41296,463487.0,465507.0,1087249380.8009045,52631008.27803633,2999338.5,5559262421.031401
2025-10-13,115060.88417839336,2296145057231.311,94708784245.21095,491572.0,504968.0,1139737281.943017,55772581.81280702,538051.0,9071959222.90638
2025-10-14,115226.58429002496,2297230038136.1206,69763980483.05035,562791.0,524219.0,1267207899.0024335,62702029.02424291,1408220.5,19576688920.433247
2025-10-15,113066.35078450407,2255593612790.7695,90869410253.5259,480244.0,542831.0,1079751109.2091742,56483930.76401499,1901791.0,21854225093.273422
2025-10-16,110844.40417180728,2207806038542.883,69122428610.59442,497400.0,556999.0,1124278123.987008,53836990.62783982,994451.5,13182320922.085176
2025-10-17,108168.17353436728,2154964541836.455,84082093222.60306,480068.0,591614.0,1159633832.2093213,55014779.838728644,1325012.5,16097643605.953632
2025-10-18,106483.89143637568,2122018970045.2217,93367527992.40788,564018.0,481991.0,1203393599.4625034,55526576.457383774,403848.0,5298430674.653136
2025-10-19,107210.0961099579,2137453218003.543,34274045674.98172,443253.0,443995.0,1013767941.3653816,47138834.98135011,347500.5,5022667331.842184
2025-10-20,108655.50525004532,2165876768810.395,45408363377.72644,424653.0,507550.0,1086700886.7873514,57476921.76238207,505445.0,11951029124.0078
2025-10-21,110535.86301373685,2204762231502.6216,60485991981.36072,429039.0,538842.0,1093994181.3295484,53878170.125397824,3799865.0,14951638311.044374
2025-10-22,108301.75462476298,2160928131234.672,106023290697.83669,489141.0,507518.0,1115874064.956139,54748141.490670696,2056645.0,15261276545.144241
2025-10-23,107591.4605093986,2146123605489.606,83845139284.72319,426260.0,527286.0,1035647824.9919723,48853931.9317649,356654.0,12186213034.972124
2025-10-24,110109.30522515893,2194925940893.7788,56491079757.07301,571212.0,546753.0,1305499723.053261,67896489.5775563,337525.5,12416172617.763527
2025-10-25,111030.1833786475,2213139524569.58,48872190916.663475,504399.0,461245.0,1166927126.751518,58063431.451331414,1240167.5,4877663200.916018
2025-10-26,111631.63726547628,2226000980105.0205,23134490005.056484,521328.0,433092.0,1072114297.7029574,52688113.772418,366267.0,6847085319.891039
2025-10-27,114419.22169689646,2282298627073.1055,42750060282.16964,507349.0,522563.0,1072114297.7029574,55381422.5990335,538956.5,16107727421.004858
2025-10-28,114085.33123756813,2275880103405.9155,63590066600.175964,524707.0,504390.0,1181513715.835912,59559818.98605979,367342.5,14459499246.59532
2025-10-29,112893.85203624627,2252121103480.7026,66364500455.87147,392028.0,517043.0,929747081.6588961,46366755.927553706,891313.0,13004147601.963224
2025-10-30,110026.087620204,2195202860989.228,63857391864.357346,554058.0,540811.0,1240553837.6668227,59014847.657342404,1108303.5,14514069160.323538
2025-10-31,108409.379924928,2159719137272.1077,72745717851.83144,460063.0,572374.0,1085484607.9584696,49097139.10761869,224703.0,15203643065.771168
2025-11-01,109566.6066188076,2184958376796.8809,58440602313.48507,391320.0,498680.0,1069977684.9876347,48497027.14215949,1052271.5,7076005652.664974
2025-11-02,110066.94174051796,2194472770726.0208,25245930840.49496,408092.0,446508.0,1201786530.2397344,57248581.06084638,221848.5,3304825232.249682
2025-11-03,110499.52238345638,2206951286346.512,36196258871.740746,447703.0,547702.0,1100991530.929305,50213843.6104412,2561661.5,14288895727.776064
2025-11-04,106451.70653262926,2125234946159.2783,74958013879.9072,375984.0,582796.0,1015703454.5897113,44261372.2975437,2287515.5,17542018755.260174
2025-11-05,101480.76659609628,2027117373395.1697,112885195780.5525,396072.0,550413.0,1069977684.9876347,48614915.985910416,5118811.5,13419921893.468367
2025-11-06,103878.9335997028,2072420580091.9111,77092678814.22162,416278.0,534781.0,1085484607.9584696,47273620.26287099,2379179.5,15636906418.271948
2025-11-07,101261.6455104612,2019505617727.349,64007649509.20418,476245.0,569444.0,1100991530.929305,46148651.64133788,678430.0,21461779028.83144
2025-11-08,103191.7560668328,2061483488853.8977,93538572265.21951,351420.0,470481.0,930415378.2501172,38668844.67289409,903333.5,4367137226.846394
2025-11-09,102286.82524827348,2040163403275.169,50894858647.50912,466347.0,442498.0,1093238069.4438875,45526140.89176192,526186.5,3067078992.712991
2025-11-10,104610.22853607994,2088246864454.0945,60194546960.33833,449593.0,526898.0,1085484607.9584696,48089956.88308448,352343.5,11484375771.963436
2025-11-11,105951.49599987874,2113691346622.1785,68564010180.83136,481949.0,506473.0,1186279607.2688992,52980490.17789942,372211.0,10951056954.68874
2025-11-12,103112.21006199118,2055081880355.954,70852634666.83731,451023.0,504920.0,1086613750.3494294,46339949.39854222,426844.5,10604955346.718935
2025-11-13,101633.69431605682,2025171098463.4424,63477601852.15417,,,,48630916.473970026,922210.0,13088012217.047039
2025-11-14,99480.3070908126,1989587716654.155,102195102447.30595,,,,46392333.27877709,2093763.0,24377100196.130707
2025-11-15,94772.61435799382,1883528419611.1135,115272175140.32063,,,,44397206.72613286,1687777.5,5644973418.0668
2025-11-16,95380.13316661112,1906286799108.28,54387419306.11884,581852.0,454407.0,1203542966.8475492,51839181.95550078,2029751.0,4776084095.964514
2025-11-17,94188.27668924726,1879821625636.488,72739120446.02757,415543.0,515090.0,938612125.0886546,37623941.963384494,2435429.0,19283577618.702053
2025-11-18,92100.36452360668,1836812997467.337,95883316484.1477,317239.0,517212.0,1006737198.683799,39760940.62876144,2651416.5,21605870788.453686
2025-11-19,92903.18008511196,1852965766035.4404,103824226263.22484,361791.0,535320.0,1037015009.1705301,41686318.65990569,1508620.0,17471565470.769844
2025-11-20,91408.3573343969,1824001855237.545,82382857264.52737,361895.0,545087.0,991598293.4404337,37391178.738754086,966824.5,15177174553.160692
2025-11-21,86618.47155915352,1730169291917.76,99655978116.57716,413267.0,603204.0,1142987345.8740876,41307351.470361225,760080.5,21796370449.694958
2025-11-22,85087.95256265256,1696834479574.6868,134153421262.54707,472342.0,485120.0,1082431724.900626,38587770.65295698,514886.5,58388673977.72743
2025-11-23,84675.50764856212,1689663589864.315,42625485730.96879,317173.0,442816.0,1074862272.2789433,39803642.23436507,202028.0,17954745701.83514
2025-11-24,86740.11773876166,1731240703090.288,60729919440.15148,400125.0,503446.0,1082431724.900626,40374787.099114954,883999.0,14112416699.0278
2025-11-25,88256.04395603726,1760876158638.0408,77456583961.57693,350825.0,513166.0,870487051.4935104,32874235.57422186,2166066.0,11012928544.071537
2025-11-26,87317.00455056976,1742579106347.7073,67713695255.755325,477042.0,535443.0,1241390229.9559624,48827581.66636605,2060919.0,9204012840.881035
2025-11-27,90515.94357835098,1805319494740.8276,69936036009.3311,403825.0,525809.0,1061465507.6302311,45073841.77706884,666385.5,9062460320.883312
2025-11-28,91323.62827620257,1821686350208.8733,59468780651.35936,511691.0,543603.0,1113270480.6428328,43668909.077361286,216621.0,9697972473.083769
2025-11-29,90904.86767344688,1814035459752.682,62799469481.10599,400703.0,475990.0,1016787038.987121,40823502.876211286,747671.0,3552877104.767845
2025-11-30,90832.18685385384,1812771321410.944,39065687179.607704,517534.0,450764.0,1239441135.1156871,50114996.21209714,511382.0,3541872047.362618
2025-12-01,90359.86873169734,1804580223118.8345,41014032387.06181,402123.0,557926.0,987099826.1699785,37889948.704963274,4902729.0,13435643673.40069
2025-12-02,86303.89766361401,1722165915578.808,91924719323.89912,412650.0,546016.0,942569006.9442655,37209087.675037675,2006273.5,10845653512.26919
2025-12-03,91320.07942505728,1823014041001.2756,82893667270.3484,429624.0,542787.0,979678022.9656931,40366905.180626564,3937062.5,12509377018.149723
2025-12-04,93428.59451478458,1867918440559.5425,81350005230.38739,414109.0,540083.0,979678022.9656931,38650213.12878416,257070.0,8105660617.511551
2025-12-05,92119.19047831658,1838202452874.2395,67905527468.52411,356330.0,534245.0,883194581.309981,35290934.7860603,2597538.0,10280986733.847937
2025-12-06,89264.22915485654,1783420367861.1216,51013012514.85347,527061.0,465393.0,1209753922.2985451,47551994.39825927,213118.0,3044783369.686914
2025-12-07,89227.45274823112,1781473275096.9917,24891684287.76675,543191.0,438543.0,1187488512.6856885,46180600.132956564,261250.5,2501885859.6408043
2025-12-08,90398.44875659447,1802958541728.722,34924915303.026115,580273.0,477476.0,1098426874.2342618,42346198.7392924,282991.5,13483240526.988363
2025-12-09,90626.0373431212,1808501444019.7495,45380679058.39334,448961.0,507794.0,957412613.3528363,38202403.79200807,1704570.0,9695891171.237087
2025-12-10,92686.10402025311,1850293655502.181,54394509374.267654,550483.0,511694.0,1150379496.6642606,46194650.58886004,1232311.5,11784957025.173037
2025-12-11,91986.58107213798,1837368941062.516,52450001646.09194,472857.0,513356.0,1179902024.3226545,45569903.27880048,860661.0,10736904008.783623
2025-12-12,92525.8680026296,1847119089483.3413,52726615852.23652,417151.0,537832.0,1068190154.3848839,45186891.408350185,1089200.5,10803224575.612886
2025-12-13,90260.54242242372,1801893841647.4097,67594286634.22623,495923.0,463369.0,1053456497.083023,41126223.45601717,772903.5,4017753379.5852885
2025-12-14,90253.11813342397,1802028910320.9023,35192318973.6756,416686.0,429658.0,942954067.3190697,36576336.1609944,1200130.0,2848683491.374594
2025-12-15,88184.41093067056,1760354230589.3552,34281959962.42461,423355.0,507663.0,987155039.2246507,38200148.6397923,238835.0,8379084323.59204
2025-12-16,86413.22138097929,1725206666830.8127,50413200076.564606,443734.0,507318.0,1082923811.686744,42372123.497608654,826630.0,10531766894.152073
2025-12-17,87719.68139798648,1753485223429.683,48224383878.115395,446512.0,511367.0,1016622353.8283721,39521708.66966769,2128164.0,12489831561.278057
2025-12-18,86196.82137334664,1718910200047.374,49522842150.097435,463881.0,518421.0,1060823325.7339536,39870185.26024819,249024.5,9848892393.375822
2025-12-19,85450.17964790671,1705923883033.444,58379753047.75993,434180.0,556166.0,1068190154.3848839,41624840.89061918,1703886.5,8969389739.72798
2025-12-20,88091.69571216944,1758617508011.9905,51459353843.34712,440896.0,488594.0,1082923811.686744,40764665.21079847,1162114.0,4973933952.339513
2025-12-21,88348.27802016199,1763949555471.3745,16933441829.084406,441101.0,436144.0,1016622353.8283721,38282066.66061573,293440.5,2519189997.1456137
2025-12-22,88672.32967904503,1769182018548.0688,22542141406.091,427277.0,497545.0,1023989182.4793022,40642087.56592057,348016.0,8820610202.54576
2025-12-23,88489.72404150236,1767230408064.2593,42394679738.146996,431004.0,520980.0,1068190154.3848839,40027962.17182731,610645.0,12185261277.52939
2025-12-24,87496.14669239183,1745170281695.8684,48245169577.68594,501255.0,513917.0,1171325755.4979067,45269766.079836465,324556.5,11504123666.75912
2025-12-25,87589.01664996856,1749380269942.6577,28866214135.263428,464027.0,431619.0,1016973817.768314,40816647.87350074,596883.0,3024468762.6361113
2025-12-26,87192.23473670239,1741524937162.2537,22750463865.458553,517078.0,477921.0,1149714808.6043208,45337497.94168463,419503.5,9450221823.643654
2025-12-27,87303.04428036696,1743265213477.923,46518276271.203316,470913.0,457336.0,1002315474.1678696,37966099.35216447,179894.5,3357464428.8442717
2025-12-28,87852.98655230374,1753170406449.7837,15521583398.6969,543992.0,435884.0,1142344841.882498,44392018.14136716,334536.0,2110737904.6223104
2025-12-29,87867.03943448896,1753776420254.8835,17379845114.74183,547262.0,516338.0,1134974875.1606758,44333071.48601913,865730.5,17986843413.77039
2025-12-30,87154.68240604762,1740448227093.1155,53486264296.63849,369499.0,539847.0,877026039.8968855,32980772.1386752,2605737.5,12213235203.818419
2025-12-31,88363.72223633934,1765901370591.8586,39887379620.636406,408137.0,547272.0,980205574.0024016,39763257.030322805,804759.5,17317990785.43975
2026-01-01,87575.04615968224,1748854230148.607,39392066176.06047,469099.0,441382.0,1112864974.9952078,45043745.663201086,697340.5,5461748379.32022
2026-01-02,88764.12624075128,1772643389813.6357,20428177253.73692,458965.0,518434.0,1061275207.9424502,43248637.866295256,347703.5,8968206910.814333
2026-01-03,89978.91920361611,1796943351423.4443,45168875313.07379,501272.0,473968.0,1142344841.882498,46119804.59737659,528906.0,2473500733.0217514
2026-01-04,90614.40684381907,1809678441959.2795,22325348071.737984,474589.0,460281.0,1068645174.6642727,42701072.629889734,426823.5,2506209767.9706717
2026-01-05,91879.5772256957,1834987309777.0288,26083966420.127327,409625.0,519989.0,972835607.2805791,39260031.2528147,2987720.0,11806112633.600658
2026-01-06,93879.9479734475,1874977643561.6355,55002520537.91729,424895.0,517888.0,958095673.8369341,39870766.30093992,323480.0,11114364069.907026
2026-01-07,93649.6319764084,1870414277860.5935,54207403508.290565,425191.0,485087.0,1083385108.1079175,43059881.472027756,1403464.0,9963351045.469955
2026-01-08,91286.03314397692,1823249641248.364,43637876514.88601,334415.0,476585.0,965289669.1289088,38242426.304593824,1263764.0,9338603708.545887
2026-01-09,91027.66616983686,1818127709176.3096,45523345076.77888,355655.0,512937.0,1033929118.9983668,43360680.846190974,210095.5,12518853021.095198
2026-01-10,90551.71363174269,1808660912220.566,40577564756.70896,488786.0,451552.0,1179552938.5756013,47192741.628271244,448773.5,8121569827.731763
2026-01-11,90420.29795170767,1806081524434.709,13130560424.187477,290317.0,412668.0,888305299.4211321,34774842.27136028,244277.5,4985913693.124658
2026-01-12,90856.55910152226,1814830239671.1992,18738794931.937737,411249.0,469584.0,1033929118.9983668,41898399.34618774,797452.5,10984133269.750414
2026-01-13,91200.62761511702,1821743571887.9038,44068501423.7581,336329.0,489392.0,982960782.146335,39887018.4843792,1276581.5,14002042935.92521
2026-01-14,95429.1573224277,1906249903552.0205,62945393253.68035,324327.0,501548.0,902867681.3788556,38606951.33265132,723448.0,13059243547.161377
2026-01-15,96898.76071081961,1935642376552.2793,61382472736.98417,374223.0,516730.0,1012085546.0617816,43945622.19613658,714309.5,13357960101.245293
2026-01-16,95593.30783680787,1909607764838.513,55642771728.32982,361943.0,517080.0,946554827.2520258,39642363.47762159,4755443.0,9372781612.330635
2026-01-17,95523.1861982478,1908245771104.619,34566775915.66836,357391.0,451781.0,1084897455.850399,47584024.47027049,1291077.0,2998686754.598215
2026-01-18,94802.88170431636,1893940780540.7515,339120955.93127555,332526.0,411852.0,1019366737.0406432,44190394.54358933,653941.0,2353607702.805856
2026-01-19,93344.2194849136,1864801600128.905,21298841865.41941,354595.0,460095.0,1092178646.8292608,47264334.37584556,317134.5,5014634720.103577
2026-01-20,92566.01277952259,1849293615306.6567,39097643741.27547,383148.0,466340.0,968398400.1886113,38654976.78246953,1699040.5,9822935837.808207
2026-01-21,88416.88686186896,1766441725515.5132,56511733044.1349,428195.0,503455.0,997523164.104058,49726716.484967105,1927522.5,13390535599.00566
2026-01-22,89453.90473719541,1787198131481.9512,57881569376.12667,464040.0,478520.0,1163912656.954194,46464034.7438881,340742.5,10568754612.948172
2026-01-23,89483.65163014928,1787836917555.1865,36359870189.76939,436563.0,500192.0,985930374.4704596,42235350.854145795,2526198.0,6994781333.942334
2026-01-24,89524.84864062016,1788698866227.4563,39792198050.71474,289144.0,421686.0,690151262.1293219,28729263.387003347,1661261.5,2116227259.4964585
2026-01-25,89149.95970929884,1781238125881.8794,15238062167.099787,314920.0,419735.0,760574860.3057833,33814304.70026576,716341.5,3966994210.6755815
2026-01-26,86625.33128140382,1730823322190.6162,36938952712.340645,402432.0,465362.0,873252617.3881215,38079554.19167753,1015325.5,7681814789.554701
2026-01-27,88249.90141827049,1763317661992.5044,46474269066.90061,362327.0,475414.0,859167897.7528292,35583755.74561265,2319807.0,6067747727.70262
2026-01-28,89141.65035979386,1781169624000.1633,36377691323.13106,336095.0,485652.0,774659579.9410756,33247869.895025924,1358461.0,8693559628.841545
2026-01-29,89212.20824183176,1782608191361.8965,42462716313.97241,428725.0,521611.0,901422056.6587061,37218185.03085007,673153.0,9789073414.457756
2026-01-30,84630.42066738439,1691092174731.011,65376348930.41441,380796.0,580888.0,922549136.1116446,34377746.2435277,199854.5,14841644208.141388
2026-01-31,84091.63017682909,1680358897717.733,75170512251.03844,405402.0,527605.0,971845654.8351676,39614296.16231698,642165.5,8589408432.090025
2026-02-01,78647.02739790398,1571576493914.8904,71926455760.10817,352779.0,467476.0,838040818.299891,31663403.11907942,424248.5,7846770887.604803
2026-02-02,76895.58665593083,1536578056063.6562,48233643712.95648,357323.0,521176.0,830998458.4822448,29869870.07014526,659738.5,15680747255.192636
2026-02-03,78670.58922752787,1572047321850.9954,73991985457.52467,435461.0,550746.0,929591495.9292907,32668904.952233184,464891.5,13344411909.709486
2026-02-04,75628.04173330522,1511249141910.282,72233317228.06505,411218.0,532371.0,1000015094.105752,35594652.764567286,1448865.5,14008595911.570457
2026-02-05,73059.17986713687,1460053444889.3728,68374355882.45056,384550.0,619296.0,894379696.8410602,28340233.43093726,5816877.0,21139302346.193314
2026-02-06,62778.217566354324,1254617718584.4033,129134440971.82802,410157.0,646236.0,1021142173.5586905,31304063.408903655,229829.0,18901527089.30478
2026-02-07,70272.52223140873,1404422427900.4514,126396906616.22752,494507.0,481546.0,1116396723.6283798,37922804.35860754,336963.5,6122926408.364181
2026-02-08,69245.78200906444,1383938789934.4868,64250664588.4053,507211.0,442633.0,1063649660.9826868,39307842.46530021,612009.5,4243821725.8114414
2026-02-09,70398.0850329669,1407004286702.8896,40089087531.667786,402013.0,481228.0,1019852322.0010467,37701555.88624861,312260.5,11888159988.016224
2026-02-10,70175.14749173766,1402584286978.939,53925112157.0578,385928.0,486763.0,900973830.4794525,31805766.029373445,1062802.5,9547620583.008541
2026-02-11,68841.8723764457,1376158047090.4307,41873860130.18897,455182.0,490231.0,982311745.7310699,33745569.9783912,431830.0,8491239760.042006
2026-02-12,67090.5793396472,1340996637525.7053,52281220867.25625,484938.0,504187.0,1107446999.964327,39717969.33809671,251069.0,9661389136.315762
2026-02-13,66258.52954947444,1324400733134.6533,45369992005.59255,529750.0,521603.0,944771169.4610924,33812197.60598131,874810.5,9201319258.50435
2026-02-14,68837.58112429692,1375985529045.6062,40892558813.499725,537394.0,458016.0,1038622610.1360354,38825294.198482804,475964.0,3840029082.300078
2026-02-15,69799.5509626349,1395251772208.4526,36727480880.995705,701969.0,399280.0,1232582254.1975844,44747462.56810828,231310.0,1929666958.9573793
2026-02-16,68778.84298479716,1374891409746.7566,40162771612.068054,526061.0,440304.0,1094933474.5410013,41514137.47269212,587547.0,4693867812.997321
2026-02-17,68859.77618747062,1376546726938.174,34628731308.789856,659135.0,446864.0,1032365847.4243727,35705019.17228733,251816.0,6373218850.178365
2026-02-18,67559.29573331702,1350583353307.6948,35232805957.963844,507143.0,454158.0,957284694.8844184,33192878.56735473,467683.0,5723969492.006945
2026-02-19,66426.61953458567,1327971882876.0806,33982301570.40156,512501.0,473222.0,1020622252.4872998,35453245.47632441,513591.5,5598066692.030261
2026-02-20,66976.02936410521,1338989802249.3938,32382298212.42231,413542.0,493761.0,983397435.8766681,29583415.862321332,240843.0,10586854048.32113
2026-02-21,68002.9401106256,1359548508149.9219,50312214815.706154,350751.0,447339.0,854191933.352726,25941681.428243037,1119089.5,2476187168.520625
2026-02-22,68026.03124326779,1360035939392.7476,19319150166.173923,529495.0,408828.0,1177205689.6625803,38334798.13538485,178237.0,1845861126.4781623
2026-02-23,65192.18870120006,1303412071350.4219,21560319889.519894,453671.0,458764.0,1062356354.0857433,31768274.212035805,623730.0,6005967073.087472
2026-02-24,64737.90196985264,1294359253920.9185,48924949103.35122,566873.0,501015.0,1184383773.1361327,34308088.5723721,249471.5,7724802994.709144
2026-02-25,64073.54894566756,1281109347803.1018,41350119554.20219,485381.0,509923.0,1119781021.874162,33163205.0955439,280054.0,6898606940.395969
2026-02-26,67850.10521282951,1356652404814.3232,47180923359.080025,425509.0,521846.0,1004931686.2973247,31242254.39746657,895641.5,7443589778.407508
2026-02-27,67496.84163950248,1349617910213.303,39031524535.381454,415510.0,549158.0,1012109769.7708769,32978961.78356569,1067834.5,5797244770.140323
2026-02-28,65891.22197698704,1317542293327.2354,37742232580.72011,424909.0,498805.0,1026465936.7179816,31741956.231636845,375398.5,2721602956.984004
2026-03-01,67017.07604771722,1340085381689.69,41709946431.8835,462687.0,447977.0,1069534437.5592955,32892105.20807477,963543.5,1947434580.0901263
2026-03-02,65824.42166938317,1316266670911.0593,38811585997.47521,422366.0,515250.0,976219352.4031156,28805700.41345509,2354636.0,7000359941.529199
2026-03-03,68815.9363388441,1376116545555.9185,54357544833.320946,381186.0,504537.0,961863185.4560106,29470007.97002152,379679.0,8081339725.646691
2026-03-04,68287.46303403362,1365575947099.492,46018172072.016,377812.0,516794.0,933150851.5618018,30908354.53628888,1719122.0,12288634029.364828
2026-03-05,72752.30156666112,1454892523976.9167,73011893269.31757,464513.0,522467.0,1192841923.7049837,43517075.97550223,736036.5,9278661021.10245
2026-03-06,70868.21819643723,1417251399988.9395,47524397870.037544,442642.0,531723.0,1052672432.0364789,35189110.133946575,474786.5,7534725006.097888
2026-03-07,68142.88312387785,1362780115876.562,39123856299.45234,437720.0,458399.0,951731239.9233917,29409810.833845343,2286458.0,2032123513.9378915
2026-03-08,67339.67440056572,1346745070785.4204,21800679517.848392,453532.0,413093.0,966151410.2252611,29952835.179625377,766179.5,1488615216.0636604
2026-03-09,66042.7510790264,1320834944584.2002,30233312686.233253,415576.0,468702.0,994991750.8290006,30248754.74657433,920593.0,6914157660.480911
2026-03-10,68430.60926017091,1368620260015.3108,43658034305.22108,381301.0,484745.0,994991750.8290006,30958077.256941024,203424.0,7287177982.124621
2026-03-11,69849.2035305081,1397023116314.9353,45913537650.7469,401926.0,475423.0,1002201835.9799352,31500855.46140721,3015512.5,8029010340.4647455
2026-03-12,70028.95987601393,1400647685843.0374,384518713.1022658,449282.0,496301.0,930100984.4705875,28394948.61118444,1421290.0,6108416530.594537
2026-03-13,70417.19388567522,1408442180116.169,35693537178.30585,399857.0,525035.0,872420303.2631093,28672340.40423705,1696326.0,7726566054.216646
2026-03-14,70838.93230193328,1416903889270.9753,53200875874.63812,439447.0,440249.0,922890899.3196526,31104411.579486884,602657.0,2145316489.7739317
2026-03-15,71149.2823885419,1423139472519.362,20019694459.73024,407207.0,406808.0,901260643.8668482,28551032.51716158,775827.5,3517233731.097687
2026-03-16,72934.2940718683,1458870696938.544,24398877932.69607,405364.0,477639.0,901260643.8668482,31213760.461403914,553963.0,10195572100.645725
2026-03-17,74679.37090810013,1493807199550.5852,46895173926.528305,372893.0,488604.0,915680814.1687176,30667607.216510493,189919.5,7906826040.114284
2026-03-18,74004.69080880683,1480319012450.2678,41402228682.37158,441086.0,472748.0,1002201835.9799352,32271586.44477335,1823323.0,6375312014.41345
2026-03-19,71220.04730260483,1424617668656.0383,39350060117.86037,442571.0,486162.0,966151410.2252611,30093044.244407844,1874751.0,5718618497.256258
2026-03-20,69936.19932093748,1398936802273.2832,38065438932.54481,423312.0,496098.0,958881917.8174205,31876728.371480852,4349469.0,5101822416.933103
2026-03-21,70526.28915957874,1410740394689.4873,32603143140.635445,488238.0,458834.0,917823292.9611512,31080134.511768695,1284395.0,1218707789.7153096
2026-03-22,68424.07687771624,1368689752020.2637,19470795501.026283,629923.0,432406.0,1077444735.2152646,35362303.26767577,1714010.5,3563696747.3545766
2026-03-23,67933.42948137881,1358875311053.488,25352216480.721107,540923.0,476303.0,1064142948.360755,35403134.78180417,336034.5,6351371463.8087845
2026-03-24,70987.25185405998,1419961051288.5916,46905271506.270256,382745.0,460523.0,831361678.4068401,29425134.82461507,231424.5,6967432240.095557
2026-03-25,70528.86345595501,1410791888450.5967,32603022085.42079,514820.0,501248.0,1017586694.3699718,34532744.55173951,364369.0,8326071521.44758
2026-03-26,71303.58545062262,1426288685822.9785,31347153732.467434,629007.0,491918.0,1097397415.4970288,36135408.58812936,1090268.5,6233836622.328477
2026-03-27,68727.2122901201,1374753382709.4006,45867404479.40452,664609.0,507433.0,1010935800.9427172,32572797.449150614,802257.0,8652009474.541578
2026-03-28,66329.88185741157,1326825214972.8843,43169558848.59394,763304.0,432914.0,1157255456.3423212,37549561.72943241,251596.0,2709136323.610358
2026-03-29,66388.84446013413,1328338671604.5044,21059002641.18555,634952.0,382086.0,957728653.5246795,31332097.968298074,1072800.0,1979365473.9460342
2026-03-30,65947.03192607871,1319528951993.3867,22702400222.698208,532760.0,459981.0,904521506.1066417,31652198.95194288,332372.5,7311067757.215472
2026-03-31,66691.27147786925,1334447058898.83,34064201546.291615,523751.0,485131.0,904521506.1066417,29208989.5260379,887084.5,7319725452.4801445
2026-04-01,68107.47456405059,1362813266728.113,51983877859.265175,683419.0,527189.0,1077444735.2152646,36946073.87653185,593329.5,6475233191.952339
2026-04-02,67959.87524726024,1362985792271.1128,48409464466.14032,508404.0,505693.0,964379546.9519341,32944128.014213223,266175.5,6704823313.014916
2026-04-03,66887.51063938277,1341478723293.2266,48489330158.05017,459037.0,498568.0,898750099.8899364,28565511.275230702,1607899.5,3007067104.088623
2026-04-04,66822.55230312092,1340175935595.4512,27881704293.27623,433372.0,430348.0,828969681.6295495,26981692.957717586,304254.5,1443412965.6513567
2026-04-05,67077.1500532805,1345282082641.0298,18349404855.726543,725796.0,380100.0,1098384828.1591525,36446472.64345209,268457.0,1458245965.5939348
2026-04-06,69002.03847938096,1383887150218.5754,23859752469.910007,465261.0,447163.0,884234327.0715194,27896636.584679753,380511.5,4355593806.902083
2026-04-07,68672.24657456316,1377272928532.069,46866527625.05277,538981.0,480114.0,953315133.8739818,30230835.12217497,321867.5,5575967620.145627
2026-04-08,71661.76372427847,1437229916180.8518,59114621689.24899,558574.0,489051.0,1022395940.676444,36394654.17361098,519219.0,5936286348.016992
2026-04-09,70644.79416156793,1416833835992.307,42187302136.25613,586158.0,484467.0,994763617.9554594,34088594.566414475,252529.5,5196240368.168461
2026-04-10,71367.80291658688,1431334313769.7168,41307213904.3155,448495.0,507681.0,863510085.0307804,30288293.046783395,324216.5,6491981313.769409
2026-04-11,72920.25491187068,1459433492592.4358,32133663126.52619,465807.0,441709.0,849693923.6702881,30023283.722729884,374443.5,1987525971.3807876
2026-04-12,73021.85968305328,1461495718539.031,20344402241.871456,707229.0,395725.0,1070752505.4381678,36106957.76146776,422093.5,1576299770.494101
2026-04-13,70660.63961180339,1414271995223.8486,25034828600.5945,641052.0,454902.0,1022395940.676444,35058588.5729043,1660921.5,6633310041.043966
2026-04-14,74481.64142860245,1490782825115.7065,46453393066.73657,610515.0,491023.0,1132925231.560384,43519231.83055178,344648.5,12370994758.47783
2026-04-15,74297.34759499803,1487131028728.5823,48364585958.60738,465753.0,470280.0,863510085.0307804,30137463.294372242,1989320.0,8799963363.243324
2026-04-16,74826.31308825641,1497750345420.939,30548536736.731777,630320.0,,1050028263.3974293,37530771.07909433,419868.0,6827305647.032912
2026-04-17,75111.95674547968,1503501691790.5283,37873936871.25348,552747.0,521678.0,968172577.6598405,35162805.095583595,389005.0,7922347197.329179
2026-04-18,77125.73357198425,1543846478607.006,56342990648.43905,695157.0,439552.0,1031290054.5634866,37175673.682350546,260083.0,2768806279.2658143
2026-04-19,75716.15083727139,1515666221261.281,62821159706.721344,727793.0,396267.0,1064992343.9283061,39687112.333298646,1097580.0,2883140409.3545456
2026-04-20,73841.02173808741,1478167516521.3162,57237273536.28347,547526.0,464309.0,876259523.4853154,30691964.37339555,1882476.5,11266757285.351542
2026-04-21,75858.03546790924,1518576144441.9805,38028896900.98471,537497.0,478903.0,909961812.8501353,34607957.17180722,1164655.5,7894718144.329737
2026-04-22,76326.19170242558,1527978534936.1682,36823423505.230736,542847.0,493157.0,882999981.3582796,32710248.88055914,1264178.5,8975032613.917759
2026-04-23,78238.81675008619,1566300505390.8323,43578270461.27342,450825.0,490574.0,815595402.6286399,30181396.125552695,1386760.5,8141917393.593581
2026-04-24,78275.32582745969,1567060751418.8237,35972701648.49312,589597.0,506108.0,1004328223.0716305,36956995.36926147,1470626.0,10786366687.21436
2026-04-25,77447.61757991764,1550525699949.4888,30716822790.47169,581159.0,428848.0,943664102.2149547,35540028.23006317,315698.5,2316698937.9770403
2026-04-26,77634.51592192693,1554301467547.4663,16174475761.220406,712904.0,399528.0,1004328223.0716305,37907580.20176736,780012.0,1645733890.632024
2026-04-27,78637.74356150378,1574424193250.3992,20900479735.89463,580030.0,465611.0,930183186.4690272,37153466.59126739,244742.5,6652309884.766558
2026-04-28,77366.78442217235,1549011607727.6,36623099926.89533,566274.0,472688.0,936923644.3419911,35894449.053407766,1450330.0,6877226670.65858
2026-04-29,76331.86443470464,1528322543597.082,31323204486.623787,383942.0,482542.0,856038149.8664234,31123986.725846674,1051919.0,6716119223.949342
2026-04-30,75784.95743624517,1517396428631.6455,40874217836.06377,409874.0,509941.0,943664102.2149547,38381140.996294245,8198874.5,7966608257.038424
2026-05-01,76296.7964844269,1527677404068.2952,30542237537.2747,593987.0,541560.0,1064992343.9283061,41497268.04635047,376521.0,7051613813.255055
2026-05-02,78207.76425489692,1565978464498.2485,38346005217.71241,526246.0,449751.0,897607937.210035,33978259.8014594,232998.5,2098986459.640523
2026-05-03,78677.4246327222,1575399064359.2305,17470305785.684418,604132.0,402346.0,1000953347.145923,37957825.09103924,307914.5,1787557344.6430264
2026-05-04,78512.09246456268,1572088532218.1125,21039106932.465828,567996.0,485657.0,981197688.9785694,37802927.14645988,478961.0,7880460114.6760025
2026-05-05,79825.8751129579,1598395086667.69,52799152390.05931,585611.0,508713.0,987782908.3676875,41226137.29796431,623497.0,8837709858.03772
2026-05-06,80913.9613749304,1620321738625.5952,39631525763.1694,526789.0,498493.0,928515933.8656261,37170254.10973385,1154887.0,7722301647.862209
2026-05-07,81436.85936825167,1630826287118.407,40136984275.35361,531108.0,497326.0,935101153.2547442,36549027.8608138,611124.0,7334015035.754188
2026-05-08,80024.90767231231,1602589764458.0776,36710760520.09051,581936.0,506524.0,968027250.2003335,40423314.1434815,451238.0,6643451659.45813
2026-05-09,80197.2669977041,1606077785283.5508,33093795788.664837,831620.0,707204.0,1126072515.5391636,44584005.24631609,390604.5,2228503872.792921
2026-05-10,80677.64981723971,1615741619629.0364,17383014966.83854,733259.0,407132.0,987782908.3676875,39621267.16479055,287753.0,1660081376.864452
2026-05-11,82018.3711243874,1645004741191.1208,19419025189.8614,772122.0,457665.0,1086561199.204456,45135542.948139064,919646.5,5656148858.873392
2026-05-12,81627.56604995472,1637166543583.5588,28389853562.446438,587513.0,476383.0,882419398.1418005,36600096.52934795,1722977.0,5840254869.6483755
2026-05-13,80482.14377829393,1611939835949.311,30589600639.610733,620400.0,485900.0,915345495.0873903,38562664.84282158,963462.5,7924872400.531105
2026-05-14,79288.8420865621,1588073918775.3318,32707131746.748478,684549.0,489856.0,994368127.7568054,39577345.88310893,1408168.0,7605445951.172368
2026-05-15,81059.11595417073,1623569996402.9607,42298040589.51437,618617.0,525031.0,963695673.6867331,37584497.72878831,592339.5,10062115129.71323
2026-05-16,79068.6684041429,1583735228276.758,36216900888.56351,679928.0,445624.0,1025406923.151223,39142248.12923508,286309.5,2102365498.1773863
2026-05-17,78132.7535126921,1565026633721.2126,23762381350.057053,605313.0,396443.0,950708405.5706699,40697281.89198457,521321.5,1825023819.4598672
2026-05-18,77428.51866052429,1550931401030.0012,20316786825.924442,600874.0,474167.0,950708405.5706699,36727998.61930419,207509.0,7419964089.357646
2026-05-19,76959.40571528324,1541593557490.7017,42702548815.67563,618114.0,469682.0,964289954.2216796,36712345.59041001,716130.0,8228742246.031492
2026-05-20,76758.73155866472,1537607115376.3884,27147623318.02886,676439.0,473582.0,1032197697.4767272,40285580.87419021,194388.0,7598041358.158026
2026-05-21,77470.39614899461,1551898053923.3093,26876818823.914783,538509.0,484958.0,862428339.3391081,32977144.973637983,1226097.0,5007923276.558133
2026-05-22,77550.38308320483,1553532857238.0518,26822828450.39911,708628.0,547131.0,1059360794.7787467,38731739.16575614,768910.0,5739635306.49464
2026-05-23,75478.38285862996,1512062217726.077,28286947097.462727,732845.0,439350.0,1113686989.3827848,40896180.634492286,994113.0,3099888169.4908752
2026-05-24,76684.37097078416,1536256575896.3174,30932098861.218105,628352.0,387403.0,889591436.6411269,33551122.24949937,191881.5,2440966547.460912
2026-05-25,77016.06581859986,1542935472694.078,21763916479.84379,781994.0,430908.0,1120477763.7082896,41619889.269138455,340130.0,3350116313.8657255
2026-05-26,77258.39912360838,1547829534321.9758,19879317349.277992,627380.0,464460.0,943917631.2451651,34580370.49577967,517507.5,5941712267.6615305
2026-05-27,75851.10409561773,1521310703337.921,21937550660.277542,645768.0,474906.0,950708405.5706699,34203807.850598074,340155.5,7293972207.660243
2026-05-28,74339.61694703094,1489416527418.8489,34389389567.3329,779340.0,490956.0,1100105440.7317753,39320840.567629226,1134202.0,12030503885.942934
2026-05-29,73651.64255141478,1477197114898.1526,33586238604.416878,648318.0,518522.0,959580184.8628848,32937653.994468622,2123686.5,8713450867.087229
2026-05-30,73500.91507629369,1474174043264.2876,38828038484.70212,651123.0,454741.0,980866173.425555,34800660.64053763,732392.0,3621398243.455022
2026-05-31,73820.30385315015,1479111074457.094,18374444051.152412,717451.0,403295.0,994681189.9526752,40416020.03192868,468866.0,2137895857.4355125
2026-06-01,73598.6681238158,1474670238472.3772,16617912637.659142,558154.0,508084.0,932513615.5806334,32156339.769274358,883039.5,8620586012.353802
2026-06-02,71320.29306465392,1429084366219.4146,48870728373.42597,438817.0,501194.0,759825908.9916271,24522467.930324204,2934866.0,12657347394.551184
2026-06-03,66727.26415497709,1337077983137.808,61786877126.25958,424362.0,515383.0,746010892.4645066,24432298.93709044,5608935.0,11373523450.560802
2026-06-04,64046.61064609333,1283384941923.1694,43649392701.85552,588281.0,538439.0,980866173.425555,31994424.504998155,2802644.5,11044663698.754305
2026-06-05,63810.65923840883,1278676276214.779,60995145201.16938,569981.0,557607.0,932513615.5806334,26347747.612574305,3706276.0,10951754744.90102
2026-06-06,60960.10140035313,1221584775490.4983,45506430145.38753,530864.0,458423.0,842716008.1543498,23769580.873137023,1190963.5,3568092184.2768197
2026-06-07,60855.25426528331,1219483734629.1333,31010313650.452156,548514.0,400871.0,808178466.8365489,23214514.58494519,917424.5,2358010683.402757
2026-06-08,63273.537430635515,1267943921370.2615,33326211424.640003,580206.0,457079.0,877253549.4721516,26166733.692821153,1600053.0,7440078066.197262
2026-06-09,63069.147792658114,1263848139632.9338,32495793038.066757,573287.0,466012.0,856531024.6814705,27149338.9211155,1903342.0,7544177709.540261
2026-06-10,61669.76384194788,1235805762898.2478,35017939157.83543,567680.0,478720.0,870346041.2085911,24484223.559984963,2281085.0,4928846549.938478
2026-06-11,61480.144432833426,1232005963062.1147,26327022779.7125,637515.0,487498.0,932513615.5806334,27490584.13183997,2551169.5,5482125367.938362
2026-06-12,63555.66181107698,1273749779296.1104,28342001883.939762,647883.0,515594.0,1015403714.743356,31436770.76781264,657861.5,5415539925.116928
2026-06-13,63532.27782485316,1273309909632.204,26198317555.20565,550296.0,423183.0,856531024.6814705,25757659.401464887,2188947.5,1625624118.6010222
2026-06-14,64408.80975375945,1290903457306.5925,16875136749.718493,726520.0,400405.0,908119306.0165769,30279244.594365463,1370107.0,1504861400.9185028
2026-06-15,65709.31094599118,1316997723207.2698,21124197393.114784,710717.0,492782.0,931566968.2181835,32087056.179462083,1372615.5,6123296483.392739
2026-06-16,66292.50117921834,1328716312457.8525,30758717645.22543,786360.0,477480.0,1006092325.6756383,37804194.329022676,806046.0,5379500225.09902
2026-06-17,65619.28080038042,1315255606491.9746,25251031908.02844,601375.0,474545.0,819778932.0320016,28337336.97282871,901946.5,4571979958.525453
2026-06-18,64444.545329668814,1291736519936.9531,31384852552.080708,815537.0,503361.0,1024723665.040002,39027824.014946744,1040944.0,5554930941.589977
2026-06-19,62897.23855524796,1260755460004.2776,30204028640.80352,746922.0,486150.0,937777414.6729716,33453833.895754717,497498.5,4445629256.547025
2026-06-20,63489.81094752525,1272662339486.1091,23645282131.211132,779461.0,409924.0,962619200.4921229,31830352.606492512,631578.5,1869016347.801716
2026-06-21,64253.39869532133,1287998314407.3254,18855396681.673313,669777.0,381259.0,832199824.9415773,28231237.7138422,1656335.5,2777695164.63806
2026-06-22,63255.48525259375,1268020785738.6846,16915246357.834028,770946.0,454922.0,968829646.9469111,33983075.16364371,832089.5,4956173444.403192
2026-06-23,63937.28526422244,1281722561349.0657,27569840544.502632,862979.0,464862.0,1074407236.6783051,37380880.69218837,142187.0,6441911323.250376
2026-06-24,62662.29201921944,1256197234338.4941,30689271786.405464,749523.0,488035.0,962619200.4921229,30898733.96285523,807600.0,7573340983.20286
2026-06-25,60989.57352152134,1222695488973.654,43171393360.53368,805731.0,522671.0,1055775897.3139414,35737200.07342634,356064.0,11197155246.696905
2026-06-26,59726.73653480851,1197409796612.7463,41007492811.17548,712555.0,521746.0,962619200.4921229,31793868.264358897,460827.0,10780035998.742752
2026-06-27,60022.32566638378,1203364318622.97,39614814581.667755,826483.0,452506.0,1111771053.6412394,33755336.59745445,285642.5,2357064199.3242965
2026-06-28,59953.443344011124,1202013480250.0635,16056335655.741009,616427.0,416739.0,858457140.405019,28065491.578357432,1991945.5,2128916771.004747
2026-06-29,59494.606386317784,1192836694280.2336,17361816169.775818,531503.0,490860.0,831838314.3459485,25522718.155180145,358873.5,8343719421.253081
2026-06-30,60152.35872063589,1206050822293.0742,32075473636.027355,621005.0,563177.0,991551270.7003708,32232725.90283712,638991.5,13484109080.280006
2026-07-01,58566.091991843154,1174271521060.0322,32381442094.945057,613353.0,540315.0,951623031.6117651,27517549.948183976,1695624.5,7451290684.409838
2026-07-02,59967.685041718134,1202400598943.6472,39101214529.08516,543519.0,527254.0,871766553.4345543,28684439.449678544,3870944.0,10594639353.042812
2026-07-03,61490.21448471664,1232955847657.318,40481809940.94352,685422.0,529854.0,1004860683.7299057,30994529.89855728,202541.0,4575387982.927384
2026-07-04,62553.61289177051,1254308594105.5916,26816869526.90458,766307.0,434728.0,1024824803.2742088,31958505.356244735,423108.0,2204217170.826114
2026-07-05,63088.406753852214,1265061539174.8157,19151546833.425976,635997.0,386558.0,851802433.8902514,28045767.693441838,2198155.0,1775498027.3389754
2026-07-06,63586.102141021256,1275068261445.5964,18666512398.727943,518667.0,453433.0,771945955.7130404,23545058.25300224,7873862.0,6274928855.854126
2026-07-07,64001.23542391328,1283414917919.9055,36365921502.667404,617156.0,484547.0,925004205.552695,33810153.914468095,955929.5,6974340927.246625
2026-07-08,63335.30929080668,1270088861350.0464,31452448064.454205,605412.0,463157.0,891730672.9788568,28233489.36954278,577295.5,4442886929.706752
2026-07-09,62247.1304822092,1248292438971.084,27882580909.181175,558060.0,478640.0,831838314.3459485,25466423.823367156,551991.0,4455722801.846309
2026-07-10,63192.8789720319,1267284402881.5332,26707343178.318974,576868.0,511711.0,865111846.9197867,26596939.859383278,358890.5,5159501293.981459
2026-07-11,64110.97482196822,1285721301995.1152,27782860991.65925,674847.0,429886.0,914680379.41803,32463101.492726527,230493.5,1729057260.9403994
2026-07-12,63791.35305345348,1279338966428.7214,14235365169.719538,760744.0,384757.0,910321900.5977656,30154867.50322592,220935.0,1829761928.1853263
2026-07-13,63746.65595793199,1278471632284.2085,19015013213.72812,710431.0,458741.0,929286940.1935524,32537380.48095552,724802.5,7190876314.427091
2026-07-14,62278.96301585648,1249064515645.423,31361911542.918644,751264.0,458571.0,979860379.1156503,33685178.291484736,882101.0,7273916869.588034
2026-07-15,64983.51907427709,1303338246252.6511,32016409409.06845,553966.0,481858.0,878713501.2714542,29659602.47794904,1674660.5,5786230903.762762
2026-07-16,64717.168891130066,1298025137560.8176,28397592354.339935,538040.0,467583.0,764923263.6967337,24983209.692606576,2215067.0,4739005864.225688
2026-07-17,63792.28742743447,1279500217318.545,27825917044.490063,578327.0,496049.0,802853342.8883076,27410697.114453245,4730208.0,6012389410.644054
2026-07-18,63904.954014943025,1281784159472.132,28871351366.178684,857711.0,444410.0,1049398857.6335355,44367075.9966361,4881966.0,1945800357.937475
2026-07-19,64795.70382303786,1299683566530.6624,15451966881.20787,898862.0,386348.0,1043077177.7682731,35924593.96592124,8740125.5,2154887870.569379
2026-07-20,64670.40117470696,1297204952087.9087,16372745607.748148,736499.0,450037.0,922965260.3282901,32579946.41959805,8726861.5,4772705829.303797
2026-07-21,65184.92144270268,1307555290285.9756,32520098295.98486,644122.0,480104.0,872391821.4061922,29987302.615410216,19080801.0,7300836133.323062
2026-07-22,66520.98164575922,1334382819959.6755,30875118859.101532,505669.0,467778.0,726993184.5051601,25171109.330574844,33571344.5,4968623994.883889
2026-07-23,66077.05646514206,1325502184529.7004,28939202566.320488,601802.0,487730.0,834461742.2146184,28366911.134696368,34468233.0,5402999286.550506
2026-07-24,65052.47667067735,1304974799855.8557,25573855466.75085,736287.0,541679.0,973538699.2503883,36335889.21904726,35164866.0,4740022114.502603
2026-07-25,64092.64739795451,1285752729182.6663,26949656279.25039,694995.0,454647.0,872298466.1852326,29034668.784975085,32742283.0,3003654169.6646
2026-07-26,64318.24520120312,1290305361316.3142,14475620140.07091,758094.0,439204.0,916150329.1982554,30448318.097199228,33583140.5,1658543408.5763986
2026-07-27,65343.824510845894,1310910033816.3235,14859985103.945753,695681.0,477732.0,865950311.159995,34806779.22227191,33464527.5,6019966168.985662
2026-07-28,63701.35288114535,1277986670016.6462,25830118462.162563,560389.0,485064.0,796925286.3573867,26608818.300387148,38316325.5,4303616750.393584
2026-07-29,63881.94327943538,1281635447724.1555,24427415031.02056,663070.0,478468.0,897325322.4339077,30874144.40498185,33778745.0,4853122578.21135
2026-07-30,63916.59794922001,1282357106740.2524,28201903973.511047,712078.0,497475.0,960075344.9817333,33453364.501118597,32692429.5,7447352392.023498
2026-07-31,64743.33714554026,1298974060219.3184,26380169353.78833,610890.0,620856.0,985175354.0008637,34788365.97404295,38723239.5,13996641202.018602
2026-08-01,62820.08613814001,1260419444191.851,29578746588.718693,734264.0,527596.0,1029100369.7843416,34078404.99428179,42858354.0,7903766580.083321
2026-08-02,62772.57726413174,1259498179475.967,13867068846.899143,676603.0,453096.0,903600324.6886903,30282190.96696429,42941864.0,4647541791.420009
2026-08-03,63504.41559755184,1274211082116.0454,15928756965.753572,703730.0,523906.0,941250338.2173856,31916007.70883719,42897787.5,8132080650.02759
2026-08-04,63465.19968911304,1273453221607.5356,25488990096.917442,622530.0,508237.0,884775317.9243425,31581779.324148443,31177008.0,6878855878.9776745
2026-08-05,64062.173729779366,1285462929668.2993,22979346232.877865,606929.0,519753.0,891050320.1791251,32032679.669593435,14511278.5,9767758793.026447
2026-08-06,64608.705388357404,1296457212673.4585,23456084571.954884,542214.0,516176.0,803200288.612169,26908574.150808807,15840676.5,6781333055.076928
2026-08-07,64262.74830979173,1289540648880.6145,18543020925.31411,722683.0,534028.0,991450356.2556461,35851919.024441294,17024034.0,6936863267.804714
2026-08-08,64879.7560855934,1301953613966.186,21708815799.29666,653881.0,448039.0,898566437.3158499,31683851.991916828,21849282.0,1970908005.838199
2026-08-09,64917.23929330571,1302733775497.4954,12399729091.279987,731687.0,414062.0,906199293.8397912,30011840.094056047,22856429.5,1723375593.4392548
2026-08-10,64856.097825382276,1301536386806.1301,12957668413.087194,639365.0,473315.0,880851061.8442723,30345135.79134038,23269260.0,5329016986.773317
2026-08-11,63915.71213556821,1282693235981.1963,20628873466.305775,608562.0,467215.0,817480481.8554755,27161267.303332012,22327040.5,5972642680.7184
2026-08-12,63537.55988964766,1275130714721.0269,20095612608.80128,651109.0,494924.0,893525177.8420315,31226931.160819154,26914794.0,7567972994.607958
2026-08-13,63408.625697113624,1272571233715.507,22071166502.05402,680730.0,486521.0,925210467.8364298,30813236.80437796,29640513.5,3947340385.2552648
2026-08-14,63429.17906286841,1273011889393.6423,18868048226.436295,694502.0,512338.0,944221641.8330688,31531940.289323136,27988678.0,5188080848.243314
2026-08-15,62984.28959582886,1264110816166.4216,20141227880.901295,719514.0,445251.0,918873409.83755,31900917.21956156,29592296.5,2114508891.171138
2026-08-16,63031.04825975698,1265078583959.118,10409218158.399632,831035.0,402442.0,1020266337.8196247,33462037.565031838,28094119.5,1811944130.9803886
2026-08-17,62843.70368466329,1261349110988.947,9661851536.935368,,,,,41093535.5,5132429308.354233
2026-08-18,64491.345282946255,1294439197690.8708,21603650491.523956,,,,,42065814.0,5940348015.875758
2026-08-19,64686.25782561655,1298351388299.5034,18173594957.816174,,,,,42055425.5,8816852524.066439
2026-08-20,69291.0104297816,1390775763079.549,43990704909.19695,,,,,44186415.0,12176093010.119164
2026-08-21,73020.94563440893,1465641224678.0603,54562051680.33916,,,,,40640548.0,14947194692.06275
2026-08-22,78317.77716345884,1571956674056.353,71451157994.9994,,,,,38936642.0,5425508158.4228525
2026-08-23,77081.02299000922,1547133140402.384,36689774596.6109,,,,,38311587.5,3804297388.228459
2026-08-24,77712.3200924702,1559804231557.777,29643785728.58765,632563.0,489906.0,888054324.8996867,38799895.464067735,34980086.5,11553204606.740679
2026-08-25,78973.88693602335,1585379062421.7615,51335516518.744095,620604.0,501443.0,888054324.8996867,36029947.78975706,36130499.0,9848970301.072838
2026-08-26,78511.2331116067,1576126744181.299,42844457202.96398,724288.0,491486.0,950593361.8644534,40005307.60847206,33238963.0,7611758448.509995
2026-08-27,79018.03405750773,1586333891398.6638,28508064828.85475,690404.0,506914.0,913069939.6855934,39563643.51466621,34345040.0,9323350833.458965
2026-08-28,80268.37474707834,1611476640675.1921,33271382525.81097,569698.0,518289.0,825515287.9349201,37859625.807505,36169991.0,12340412120.43878
2026-08-29,77820.76428719184,1562365617022.764,36320805552.04175,734873.0,447256.0,913069939.6855934,38617159.95615532,38018478.0,2680577419.718374
2026-08-30,78225.13950818499,1570516817114.2285,15083877886.534477,879309.0,398941.0,1019386302.5256965,41616845.61983288,35299920.0,2122293808.8816857
2026-08-31,77658.23133225394,1559173121661.4866,18928816149.23794,697056.0,501131.0,950593361.8644534,41873915.14132834,22326033.0,9421660575.145626
2026-09-01,78552.77932895812,1577171863083.2737,29723745445.38036,627345.0,506462.0,888054324.8996867,38812028.82668903,25284455.0,8721608888.524275
2026-09-02,77416.44110979848,1554389755370.4558,30118812390.414185,581418.0,494353.0,856784806.4173034,36220769.16653495,24936561.5,6348512009.307945
2026-09-03,77297.13347191992,1552036311658.5237,26617233991.00716,712367.0,533231.0,1000624591.4362668,45888668.7755952,24936826.5,9286288809.863506
2026-09-04,81264.70153038795,1631720768263.5881,39842820911.97599,618290.0,526842.0,894308228.5961634,39753685.11973082,25326570.0,8023711290.7337475
2026-09-05,79671.25767420157,1599775191734.4382,35605666977.42856,723854.0,465063.0,927538773.2739177,39117131.97882999,12878307.0,2512498425.7703557
2026-09-06,79821.69873179746,1602832641649.6875,18822345309.3012,893391.0,415207.0,1045376165.0118244,48413563.66319026,11140554.0,3361747247.438308
2026-09-07,80329.3478460037,1613068250021.681,19671698954.25346,699012.0,453808.0,880650223.8584459,35267306.52948581,11472419.0,4323859621.479463
2026-09-08,79093.4641898418,1588284950144.5952,23156361224.106297,641373.0,449976.0,842636545.130743,33443132.523066733,16373581.0,5498003083.177232
2026-09-09,78450.75303870205,1575415387009.9504,36832978946.46288,758490.0,492982.0,1020033712.5266892,44921766.60613301,11094027.5,6791307829.209926
2026-09-10,78283.06047169256,1572081359789.2556,34938279858.59001,625497.0,499484.0,848972158.2520267,35764129.10695293,11463553.5,6821620372.776869
2026-09-11,76554.98664973286,1537413069633.6875,30257901047.74022,766738.0,511851.0,1020033712.5266892,44040425.4641957,11747489.5,6934366060.655288
2026-09-12,77203.53444805603,1550479277152.1194,35407367571.01674,783637.0,450026.0,994691260.0415542,41440926.25326019,10838305.5,2544459319.80884
2026-09-13,77261.62722069985,1551683581240.4167,15195615506.929926,791693.0,410158.0,956677581.3138515,41850977.384348914,11174671.5,3113701982.141892
2026-09-14,76819.04496746542,1542831471374.2715,16138951580.829597,708209.0,471043.0,950341968.1925676,42671120.30986431,13136977.0,5548597460.062454
2026-09-15,77126.71844480219,1549059752036.7847,31796794452.954056,,,,,10911758.5,
